Timestamp,Script,Action,Status,Details
2026-04-18 22:01:59,00_setup_environment.py,Directory Creation,SUCCESS,Created 11 directories
2026-04-18 22:03:18,01_download_cms_data.py,API Request,STARTED,Endpoint: https://data.cms.gov/data-api/v1/dataset/92396110-2aed-4d63-a6a2-5d6207d46a29/data
2026-04-18 22:03:28,01_download_cms_data.py,API Request,SUCCESS,Downloaded 10000 records
2026-04-18 22:03:28,01_download_cms_data.py,Data Save,SUCCESS,Saved 10000 rows to data\raw\cms_physician\medicare_physician_urology.csv
2026-04-18 22:07:50,02_download_hcup_data.py,Data Verification,PENDING,HCUP manual download required
2026-04-18 22:58:13,01_download_cms_data.py,CMS API Download,SUCCESS,Downloaded 50000 rows across 2761 NPIs
2026-04-18 23:00:23,03_download_meps_data.py,MEPS Data Verification,PENDING,MEPS manual download required
2026-04-18 23:20:11,04_download_hospital_compare.py,Hospital API Download,SUCCESS,Downloaded 5426 hospitals for benchmarking
2026-04-18 23:23:54,05_clean_and_validate.py,Clean CMS Data,SUCCESS,Processed 50000 into Physicians & Billing
2026-04-18 23:23:54,05_clean_and_validate.py,Clean Benchmarks,SUCCESS,Processed 2866 valid hospitals
2026-04-18 23:24:54,06_load_to_sqlite.py,Database Migration,SUCCESS,Inserted 2866 rows into 'benchmarks' table
2026-04-18 23:24:55,06_load_to_sqlite.py,Database Migration,SUCCESS,Inserted 50000 rows into 'billing' table
2026-04-18 23:24:55,06_load_to_sqlite.py,Database Migration,SUCCESS,Inserted 2761 rows into 'physician' table
2026-04-18 23:26:12,07_analysis_productivity.py,Module 1 Analytics,SUCCESS,Generated productivity report for 2761 physicians
2026-04-18 23:37:57,08_analysis_billing.py,Module 2 Analytics,SUCCESS,Generated billing report tracking 2029 compliance anomalies
2026-04-18 23:39:49,09_analysis_capacity.py,Module 3 Analytics,SUCCESS,Generated capacity and bottleneck analytics
2026-04-18 23:42:04,09_analysis_capacity.py,Module 3 Analytics,SUCCESS,Generated capacity and bottleneck analytics
2026-04-18 23:43:44,10_analysis_benchmarking.py,Module 4 Analytics,SUCCESS,Benchmarked department against National CMS 75th/90th percentiles
2026-04-18 23:44:08,10_analysis_benchmarking.py,Module 4 Analytics,SUCCESS,Benchmarked department against National CMS 75th/90th percentiles
2026-04-18 23:45:17,11_predictive_alerts.py,Module 5 Analytics,SUCCESS,Generated 18 smart predictive alerts
2026-04-18 23:45:47,11_predictive_alerts.py,Module 5 Analytics,SUCCESS,Generated 18 smart predictive alerts
2026-04-18 23:47:32,12_forecasting_arima.py,Module 6 Analytics,SUCCESS,Trained ARIMA model and exported 6 month 95% CI forecast
2026-04-18 23:47:52,12_forecasting_arima.py,Module 6 Analytics,SUCCESS,Trained ARIMA model and exported 6 month 95% CI forecast
2026-04-18 23:48:56,13_scenario_modeling.py,Module 7 Analytics,SUCCESS,Generated baseline sensitivity & what-if scenarios
2026-04-18 23:49:22,13_scenario_modeling.py,Module 7 Analytics,SUCCESS,Generated baseline sensitivity & what-if scenarios
2026-04-18 23:50:12,14_generate_powerbi_exports.py,Power BI Delivery,SUCCESS,Staged 7 secure tables for visualization
2026-04-18 23:50:58,14_generate_powerbi_exports.py,Power BI Delivery,SUCCESS,Staged 7 secure tables for visualization
2026-04-18 23:52:17,15_generate_executive_memo.py,Executive Reporting,SUCCESS,Automatically synthesized word document narrative
2026-04-18 23:52:33,15_generate_executive_memo.py,Executive Reporting,SUCCESS,Automatically synthesized word document narrative
2026-04-18 23:53:25,16_audit_log.py,Audit Validation,SUCCESS,Conducted final system integrity check
2026-04-18 23:53:48,16_audit_log.py,Audit Validation,SUCCESS,Conducted final system integrity check
2026-04-18 23:54:18,16_audit_log.py,Audit Validation,SUCCESS,Conducted final system integrity check
2026-04-18 23:56:02,00_setup_environment.py,Directory Creation,SUCCESS,Created 11 directories
2026-04-18 23:56:16,01_download_cms_data.py,CMS API Download,SUCCESS,Downloaded 50000 rows across 2761 NPIs
2026-04-18 23:56:17,02_download_hcup_data.py,Data Verification,PENDING,HCUP manual download required
2026-04-18 23:56:19,03_download_meps_data.py,MEPS Data Verification,PENDING,MEPS manual download required
2026-04-18 23:56:25,04_download_hospital_compare.py,Hospital API Download,SUCCESS,Downloaded 5426 hospitals for benchmarking
2026-04-18 23:56:28,05_clean_and_validate.py,Clean CMS Data,SUCCESS,Processed 50000 into Physicians & Billing
2026-04-18 23:56:28,05_clean_and_validate.py,Clean Benchmarks,SUCCESS,Processed 2866 valid hospitals
2026-04-18 23:56:30,06_load_to_sqlite.py,Database Migration,SUCCESS,Inserted 2866 rows into 'benchmarks' table
2026-04-18 23:56:32,06_load_to_sqlite.py,Database Migration,SUCCESS,Inserted 50000 rows into 'billing' table
2026-04-18 23:56:32,06_load_to_sqlite.py,Database Migration,SUCCESS,Inserted 2761 rows into 'physician' table
2026-04-18 23:56:34,07_analysis_productivity.py,Module 1 Analytics,SUCCESS,Generated productivity report for 2761 physicians
2026-04-18 23:56:37,08_analysis_billing.py,Module 2 Analytics,SUCCESS,Generated billing report tracking 2029 compliance anomalies
2026-04-18 23:56:39,09_analysis_capacity.py,Module 3 Analytics,SUCCESS,Generated capacity and bottleneck analytics
2026-04-18 23:56:40,10_analysis_benchmarking.py,Module 4 Analytics,SUCCESS,Benchmarked department against National CMS 75th/90th percentiles
2026-04-18 23:56:43,11_predictive_alerts.py,Module 5 Analytics,SUCCESS,Generated 18 smart predictive alerts
2026-04-18 23:56:46,12_forecasting_arima.py,Module 6 Analytics,SUCCESS,Trained ARIMA model and exported 6 month 95% CI forecast
2026-04-18 23:56:48,13_scenario_modeling.py,Module 7 Analytics,SUCCESS,Generated baseline sensitivity & what-if scenarios
2026-04-18 23:56:49,14_generate_powerbi_exports.py,Power BI Delivery,SUCCESS,Staged 7 secure tables for visualization
2026-04-18 23:56:51,15_generate_executive_memo.py,Executive Reporting,SUCCESS,Automatically synthesized word document narrative
2026-04-18 23:56:53,16_audit_log.py,Audit Validation,SUCCESS,Conducted final system integrity check
2026-04-19 14:57:52,00_setup_environment.py,Directory Creation,SUCCESS,Created 11 directories
2026-05-10 15:55:41,11_predictive_alerts.py,Module 5 Analytics,SUCCESS,Generated 18 smart predictive alerts
2026-05-10 16:02:53,00_setup_environment.py,Directory Creation,SUCCESS,Created 11 directories
2026-05-10 16:03:31,01_download_cms_data.py,CMS API Download,SUCCESS,Downloaded 50000 rows across 2761 NPIs
2026-05-10 16:03:32,02_download_hcup_data.py,Data Verification,PENDING,HCUP manual download required
2026-05-10 16:03:33,03_download_meps_data.py,MEPS Data Verification,PENDING,MEPS manual download required
2026-05-10 16:03:39,04_download_hospital_compare.py,Hospital API Download,SUCCESS,Downloaded 5426 hospitals for benchmarking
2026-05-10 16:03:41,05_clean_and_validate.py,Clean CMS Data,SUCCESS,Processed 50000 into Physicians & Billing
2026-05-10 16:03:41,05_clean_and_validate.py,Clean Benchmarks,SUCCESS,Processed 2866 valid hospitals
2026-05-10 16:03:43,06_load_to_sqlite.py,Database Migration,SUCCESS,Inserted 2866 rows into 'benchmarks' table
2026-05-10 16:03:43,06_load_to_sqlite.py,Database Migration,SUCCESS,Inserted 50000 rows into 'billing' table
2026-05-10 16:03:43,06_load_to_sqlite.py,Database Migration,SUCCESS,Inserted 2761 rows into 'physician' table
2026-05-10 16:03:45,07_analysis_productivity.py,Module 1 Analytics,SUCCESS,Generated productivity report for 2761 physicians
2026-05-10 16:03:47,08_analysis_billing.py,Module 2 Analytics,SUCCESS,Generated billing report tracking 2029 compliance anomalies
2026-05-10 16:03:49,09_analysis_capacity.py,Module 3 Analytics,SUCCESS,Generated capacity and bottleneck analytics
2026-05-10 16:03:50,10_analysis_benchmarking.py,Module 4 Analytics,SUCCESS,Benchmarked department against National CMS 75th/90th percentiles
2026-05-10 16:03:53,11_predictive_alerts.py,Module 5 Analytics,SUCCESS,Generated 18 smart predictive alerts
2026-05-10 16:03:57,12_forecasting_arima.py,Module 6 Analytics,SUCCESS,Trained ARIMA model and exported 6 month 95% CI forecast
2026-05-10 16:03:59,13_scenario_modeling.py,Module 7 Analytics,SUCCESS,Generated baseline sensitivity & what-if scenarios
2026-05-10 16:03:59,14_generate_powerbi_exports.py,Power BI Delivery,SUCCESS,Staged 7 secure tables for visualization
2026-05-10 16:04:01,15_generate_executive_memo.py,Executive Reporting,SUCCESS,Automatically synthesized word document narrative
2026-05-10 16:04:02,16_audit_log.py,Audit Validation,SUCCESS,Conducted final system integrity check
2026-05-10 17:22:50,00_setup_environment.py,Directory Creation,SUCCESS,Created 11 directories
2026-05-10 17:23:00,01_download_cms_data.py,CMS API Download,SUCCESS,Downloaded 50000 rows across 2761 NPIs
2026-05-10 17:23:01,02_download_hcup_data.py,Data Verification,PENDING,HCUP manual download required
2026-05-10 17:23:02,03_download_meps_data.py,MEPS Data Verification,PENDING,MEPS manual download required
2026-05-10 17:23:08,04_download_hospital_compare.py,Hospital API Download,SUCCESS,Downloaded 5426 hospitals for benchmarking
2026-05-10 17:23:10,05_clean_and_validate.py,Clean CMS Data,SUCCESS,Processed 50000 into Physicians & Billing
2026-05-10 17:23:10,05_clean_and_validate.py,Clean Benchmarks,SUCCESS,Processed 2866 valid hospitals
2026-05-10 17:23:11,06_load_to_sqlite.py,Database Migration,SUCCESS,Inserted 2866 rows into 'benchmarks' table
2026-05-10 17:23:12,06_load_to_sqlite.py,Database Migration,SUCCESS,Inserted 50000 rows into 'billing' table
2026-05-10 17:23:12,06_load_to_sqlite.py,Database Migration,SUCCESS,Inserted 2761 rows into 'physician' table
2026-05-10 17:23:14,07_analysis_productivity.py,Module 1 Analytics,SUCCESS,Generated productivity report for 2761 physicians
2026-05-10 17:23:16,08_analysis_billing.py,Module 2 Analytics,SUCCESS,Generated billing report tracking 2029 compliance anomalies
2026-05-10 17:23:17,09_analysis_capacity.py,Module 3 Analytics,SUCCESS,Generated capacity and bottleneck analytics
2026-05-10 17:23:19,10_analysis_benchmarking.py,Module 4 Analytics,SUCCESS,Benchmarked department against National CMS 75th/90th percentiles
2026-05-10 17:23:21,11_predictive_alerts.py,Module 5 Analytics,SUCCESS,Generated 18 smart predictive alerts
2026-05-10 17:23:24,12_forecasting_arima.py,Module 6 Analytics,SUCCESS,Trained ARIMA model and exported 6 month 95% CI forecast
2026-05-10 17:23:26,13_scenario_modeling.py,Module 7 Analytics,SUCCESS,Generated baseline sensitivity & what-if scenarios
2026-05-10 17:23:27,14_generate_powerbi_exports.py,Power BI Delivery,SUCCESS,Staged 7 secure tables for visualization
2026-05-10 17:23:28,15_generate_executive_memo.py,Executive Reporting,SUCCESS,Automatically synthesized word document narrative
2026-05-10 17:23:29,16_audit_log.py,Audit Validation,SUCCESS,Conducted final system integrity check
